{
  "accuracy": 0.98,
  "precision_macro": 0.9795751633986928,
  "recall_macro": 0.9732905982905984,
  "f1_macro": 0.9762748333656895,
  "cv_mean": 0.99,
  "cv_std": 0.008944271909999166
}