{
  "convergence_curve": [
    0.247917,
    0.147397,
    0.134428,
    0.07405,
    0.07405,
    0.053027,
    0.049324,
    0.049324,
    0.044973,
    0.040622,
    0.027162,
    0.021811,
    0.020811,
    0.020811,
    0.020811,
    0.019811,
    0.019811,
    0.019811,
    0.018459,
    0.016108,
    0.014757,
    0.013757,
    0.013757,
    0.013757,
    0.013757,
    0.013757,
    0.013757,
    0.012757,
    0.012757,
    0.012757,
    0.012757,
    0.012757,
    0.012757,
    0.012757,
    0.012757,
    0.012757,
    0.012757,
    0.012757,
    0.012757,
    0.012757,
    0.012757,
    0.012757,
    0.012757,
    0.012757,
    0.012757,
    0.012757,
    0.012757,
    0.012757,
    0.011405,
    0.009054
  ],
  "version": "pso-2026-06-demo",
  "n_iterations": 50
}